자치구,단지명,임대유형,주소,전체 세대수,임대 세대수,사용승인일
노원구,하계5단지,영구임대,섬밭로 201 하계동 시영아파트,640,640,1989-11-10
마포구,성산,영구임대,월드컵로 207 성산동 도시개발공사성산아파트,1807,1807,1991-05-31
중랑구,면목,영구임대,용마산로 228 면목동 도시개발아파트,905,905,1991-09-30
노원구,중계4단지,공공임대,노원로19길 31 중계동 목화아파트,1979,1979,1991-11-30
노원구,중계3단지,영구임대,노원로 331 중계동 시영3단지목련아파트,2619,2619,1991-11-30
강남구,대치1단지,영구임대,개포로109길 9 개포동 대치아파트,1623,1623,1991-11-15
강남구,수서1단지,"영구,공공",양재대로55길 10 일원동 수서1단지 에스에이치빌,2214,2214,1992-10-30
강서구,가양9단지(임대),공공임대,허준로 224 가양동 가양9단지아파트,914,914,1992-10-15
강서구,가양4단지,영구임대,양천로57길 37 가양동 가양4단지아파트,1998,1998,1992-10-15
강서구,가양8단지,공공임대,허준로 176 가양동 가양8단지아파트,1110,1110,1992-10-15
강남구,수서6단지,영구임대,광평로56길 11 수서동 수서6단지아파트,1508,1508,1992-11-14
강서구,가양5단지,영구임대,양천로57길 36 가양동 가양5단지아파트,2411,2411,1992-10-15
관악구,신림동부(신림5),재개발,신원로 26 신림동 신림동부아파트,592,96,1993-07-19
강서구,방화2-1단지,영구임대,방화대로48길 40 방화동 방화2-1단지아파트,1563,1563,1993-09-30
동작구,상도삼호(상도5),재개발,상도로 407 상도동 삼호아파트,682,221,1994-02-25
강서구,방화11단지,영구임대,개화동로21길 4 방화동 방화11단지아파트,1065,1065,1994-04-30
서대문구,홍제유원(홍제1),재개발,세검정로 134 홍제동 유원하나아파트,150,150,1994-08-01
강서구,방화6단지,"영구,공공",금낭화로23길 25 방화동 방화6단지아파트,1000,1000,1994-07-15
노원구,공릉1단지,영구임대,동일로 1127 공릉동 공릉1단지아파트,1395,1395,1994-11-30
동작구,신대방(임대),주거환경,보라매로 83 신대방동705 신대방아파트,108,48,1995-04-28
서대문구,홍은벽산(홍은5-3),재개발,세검정로1길 95 홍은동 홍은벽산아파트,1509,180,1995-06-01
양천구,신정삼성(신정6-2),재개발,신목로 5 신정동 목동삼성아파트,506,506,1995-05-26
노원구,월계사슴1단지,영구임대,월계로 372 월계동 월계사슴1단지아파트,1372,1372,1995-05-30
노원구,월계사슴2단지,공공임대,월계로55길 16 월계동 월계사슴2단지아파트,775,775,1995-05-30
송파구,마천대성(임대),주거환경,성내천로34길 8 마천동574 대성아파트,71,25,1995-06-26
양천구,신정양천,공공임대,목동로3길 57신정동 양천아파트,2998,2998,1995-10-17
중랑구,신내12단지,영구임대,봉화산로 153 상봉동 신내12단지신내아파트,1000,1000,1995-11-20
강서구,방화9단지,공공임대,양천로11길 57 방화동 방화9단지아파트,250,250,1995-09-30
서대문구,북가좌삼호(북가좌2),재개발,거북골로 154 북가좌동 북가좌삼호아파트,267,267,1995-09-01
중랑구,신내10단지,"영구,공공",신내로 115 신내동 신내10단지아파트,1432,1432,1996-02-15
성동구,청계벽산(하왕3),재개발,무학로 50 하왕십리동 벽산아파트,510,510,1995-12-20
중랑구,신내9단지(임대),공공임대,신내로 127 신내동 신내9단지신내아파트,335,335,1996-05-30
금천구,시흥목련(임대),주거환경,금하로3길 26 시흥동1009 시흥목련아파트,173,105,1996-07-31
도봉구,도봉서원(임대),주거환경,마들로 684-20 도봉동 서원아파트,734,734,1996-08-31
성동구,옥수극동그린(옥수5-2),재개발,독서당로 175 옥수동 극동그린아파트,583,171,1996-02-26
성북구,동소문한진,재개발,성북로4길 52 돈암동 한신한진아파트,580,580,1996-11-01
양천구,목동현대B,재개발,신목로 10 신정동 목동현대아파트,564,564,1996-11-06
송파구,거여6단지,공공임대,양산로2길 38 거여동 거여6단지아파트,660,660,1997-04-10
송파구,오금현대백조(오금2),재개발,양재대로72길 20 오금동 현대백조아파트,153,153,1997-01-24
강동구,천호삼성(천호4),재개발,성안로25길 15 천호동 삼성아파트,247,247,1997-05-26
동대문구,청량리한신(청량리4),재개발,제기로 129 청량리동 한신아파트,610,610,1997-04-21
마포구,염리상록(임대),주거환경,숭문길 106 염리동515-1 상록아파트,678,178,1997-08-05
노원구,학여울청구A(하계2),재개발,동일로207길 186 하계동 학여울청구아파트,486,486,1997-05-31
구로구,오류동부골든(오류1),재개발,고척로 49 오류동 동부골든아파트,304,304,1998-09-04
동작구,흑석청호(임대),주거환경,서달로2길 29 흑석동327 청호아파트,346,170,1997-09-30
동대문구,전농동아(답십리6-4),재개발,서울시립대로 31 전농동 동아아파트,220,220,1997-12-22
동작구,상도건영(본동2-2),재개발,만양로 26 상도동 건영아파트,552,552,1997-09-12
성동구,옥수하이츠(옥수8),재개발,한림말길 50 옥수동 옥수하이츠아파트,238,238,1997-09-05
마포구,창전삼성,재개발,서강로 95 창전동 창전동삼성아파트,311,311,1998-06-24
강동구,천호동아코아(천호5),재개발,구천면로 189 천호동 동아코아아파트,191,64,1997-11-01
양천구,목동2차우성(신정5)_서울리츠2호,재개발(리츠2호),목동남로4길 6-46 신정동 목동2차우성아파트,1140,1140,1998-02-07
서대문구,인왕산현대(홍제4),재개발,통일로34길 46 홍제동 인왕산현대아파트,246,246,1998-02-13
금천구,관악벽산타운(시흥2-1),재개발,금하로 793 시흥동 벽산2단지아파트,564,564,1998-02-25
서대문구,홍제원현대(홍제3),재개발,통일로34길 43 홍제동 홍제원현대아파트,482,482,1998-03-14
노원구,월계청백1단지,공공임대,초안산로 89 월계동 월계청백1단지아파트,1147,1147,1998-06-30
서대문구,독립문극동(현저4),재개발,독립문공원길 17 현저동 독립문극동아파트,600,600,1998-07-15
노원구,상계은빛3단지,공공임대,동일로250길 17 상계동 은빛3단지아파트,900,900,1998-09-01
관악구,봉천인헌(임대),주거환경,낙성대로15길 66 봉천동1725 인헌아파트,216,117,1998-10-14
서대문구,남가좌현대(남가좌6),재개발,가재울로 45 남가좌동 남가좌동현대아파트,330,330,1998-03-31
성북구,종암SK,재개발,종암로24가길 53 종암동 SK아파트,465,465,1998-10-20
마포구,도화현대2차,재개발,새창로8길 72 도화동 현대2차아파트,793,793,1998-10-14
성북구,돈암풍림(돈암3-3),재개발,북악산로 898 돈암동 풍림아파트,309,309,1998-10-31
구로구,구로두산(구로6),재개발,도림로 59 구로동 구로두산아파트,442,442,1998-11-30
노원구,양지대림2(중계4-2),재개발,덕릉로77길 27 중계동 양지대림2차아파트,331,331,1999-03-16
동작구,사당신동아(사당5),재개발,동작대로29길 118 사당동 신동아아파트,333,110,1998-11-20
노원구,양지대림1(중계4-1),재개발,덕릉로73길 31 중계동 양지대림아파트,468,468,1999-02-05
성동구,옥수삼성(옥수9),재개발,독서당로 218 옥수동 옥수삼성아파트,330,330,1999-04-20
관악구,봉천신봉(임대),주거환경,양녕로6나길 18 봉천동1705 신봉아파트,277,150,1999-04-18
성동구,행당대림(하왕2-1),재개발,행당로 79 행당동 행당동 대림아파트,1005,1005,1999-04-23
성북구,돈암삼성(돈암3-2),재개발,동소문로34길 24 돈암동 삼성아파트,736,736,1999-04-30
영등포구,신기목련(임대),주거환경,신길로42가길 34 신길동4935 신기목련아파트,213,105,1999-06-05
관악구,신림초원(임대),주거환경,미성5길 40 신림동1712 초원아파트,197,63,1999-06-30
성동구,행당한진(금호1-6),재개발,행당로 82 행당동 행당 한진타운,728,728,1999-05-14
동대문구,답십리동아(답십리8),재개발,한천로11길 10 답십리동 동아아파트,492,492,1999-07-16
도봉구,도봉서광(임대),주거환경,마들로 770 도봉동643 서광아파트,159,45,1999-08-24
노원구,공릉2-6단지,공공임대,화랑로51길 81 공릉동 공릉아파트,691,691,1999-07-29
중구,약수하이츠동아(신당4),재개발,동호로10길 30 신당동 약수하이츠,684,684,1999-07-29
관악구,봉천동아(봉천2-2),재개발,관악로37길 20 봉천동 봉천동아아파트,829,829,1999-08-30
노원구,상계불암대림(상계7),재개발,덕릉로94가길 41 상계동 상계불암대림아파트,206,206,1999-12-01
영등포구,양평상록수(임대),주거환경,영등포로 17 양평동2가45 상록수아파트,176,70,1999-10-30
마포구,공덕삼성(공덕1),재개발,마포대로 115-8 공덕동 공덕삼성아파트,226,226,1999-10-16
노원구,상계동아불암(상계3-1),재개발,덕릉로112길 13 상계동 동아불암아파트,434,434,1999-11-25
마포구,마포태영(대흥태영),재개발,독막로 266 대흥동 대흥동태영아파트,568,568,1999-11-20
종로구,무악현대(무악1),재개발,통일로 246-11 무악동 무악현대아파트,550,550,1999-11-01
중구,신당삼성(신당5),재개발,청구로1길 23 신당동 삼성아파트,440,440,1999-12-29
강동구,천호태영(천호6),재개발,천호대로 1055 천호동 천호태영아파트,264,264,1999-11-20
노원구,상계불암현대(상계3-2),재개발,덕릉로118길 27 상계동 불암현대아파트,472,472,1999-12-10
관악구,봉천우성(봉천7-1),재개발,관악로30길 40 봉천동 봉천우성아파트,717,717,1999-12-18
동대문구,답십리청솔우성(답십리7),재개발,답십리로57길 53 답십리동 답십리청솔우성아파트,432,432,2000-03-18
양천구,신트리2단지,공공임대,신정로 275 신정동 신트리2단지아파트,698,698,2000-04-30
중구,한진해모로(하왕1-2),재개발,왕십리로39길 30 신당동 한진그랑빌아파트,116,116,2000-04-15
강북구,래미안수유(수유2),재개발,한천로159길 8 수유동 래미안수유아파트,180,180,2000-04-28
동대문구,이문현대(이문1),재개발,한천로58길 135 이문동 현대아파트,188,188,2000-05-03
동대문구,전농SK(전농4),재개발,전농로10길 111 전농동 전농SK아파트,848,848,2000-07-01
중구,남산타운(신당3),재개발,다산로 32 신당동 남산타운,2034,2034,2000-06-09
마포구,신공덕삼성,재개발,백범로37길 6 신공덕동 신공덕1차삼성래미안아파트,376,376,2000-08-14
동대문구,전농삼성(전농5),재개발,전농로 190 전농동 전농동삼성아파트,139,139,2000-07-10
동대문구,제기한신(제기2),재개발,회기로8길 20 제기동 한신아파트,260,260,2000-07-07
동대문구,답십리두산(답십리9),재개발,답십리로56길 21-1 답십리동 두산아파트,310,310,2000-08-02
용산구,산천리버힐삼성(산천삼성),재개발,효창원로13길 7 산천동 리버힐삼성아파트,363,363,2000-06-01
서대문구,DMC래미안클라시스(남가좌7),재개발,증가로 191 남가좌동 남가좌삼성아파트,358,358,2000-08-01
양천구,신정학마을2,공공임대,신정로14길 1 신정동 학마을아파트,510,510,2000-09-12
송파구,거여3,공공임대,양산로2길 44 거여동 거여3단지아파트,598,598,2000-09-24
동작구,상도신동아(상도1),재개발,만양로 19 노량진동 신동아리버파크아파트,925,925,2000-10-01
성동구,금호대우(금호8),재개발,독서당로 272 금호동4가 금호동 대우아파트,508,508,2000-10-06
성동구,금호벽산(금호6),재개발,금호로 100 금호동1가 벽산아파트,1214,1214,2000-10-07
관악구,봉천두산(봉천8),재개발,양녕로 31 봉천동 두산아파트,560,560,2000-10-30
마포구,신공덕2삼성,재개발,만리재로 74 신공덕동 신공덕2차삼성래미안,103,103,2000-10-28
중구,중림삼성(충정삼성),재개발,중림로4길 41 중림동 삼성사이버빌리지,355,355,2000-12-22
양천구,신정푸른마을1단지,공공임대,신정로7길 70 신정동 푸른마을1단지아파트,500,500,2001-01-29
동대문구,이문쌍용,재개발,한천로58길 75-45 이문동 쌍용아파트,245,245,2000-11-29
영등포구,신길삼성(신길2-3),재개발,신길로42길 25 신길동 삼성아파트,387,387,2001-03-10
성동구,하왕금호베스트빌(하왕1-3),재개발,난계로 114-31 하왕십리동 금호 베스트빌,274,274,2001-04-10
마포구,염리삼성,재개발,백범로25길 83 염리동 염리삼성래미안,109,109,2001-03-01
동대문구,답십리대우(답십리11),재개발,답십리로41길 7 답십리동 답십리대우아파트,108,108,2001-03-17
노원구,상계마들,영구임대,덕릉로70가길 101 상계동 상계마들아파트,170,170,2001-01-31
관악구,관악드림타운(봉천3),재개발,구암길 106 봉천동 관악드림타운아파트,1843,1843,2001-07-16
서대문구,냉천동부(냉천),재개발,독립문로14길 64-6 냉천동 동부센트레빌아파트,76,76,2001-07-18
용산구,도원삼성(도원),재개발,새창로8길 7 도원동 도원동삼성래미안아파트,534,534,2001-10-05
은평구,수색대림(수색2-1),재개발,은평터널로 66 수색동 대림한숲타운아파트,464,464,2001-10-15
동대문구,홍릉동부(청량리5),재개발,제기로26길 26 청량리동 동부센트레빌아파트,150,150,2001-10-29
노원구,학여울청구B(하계2B),재개발,한글비석로 6 하계동 학여울청구아파트,378,378,2001-11-17
강북구,SK북한산시티(미아1-1),재개발,솔샘로 174 미아동 SK북한산시티아파트,1497,1497,2001-11-17
성북구,길음동부(길음3),재개발,숭인로2길 61 길음동 길음동동부센트레빌아파트,300,300,2002-03-01
성동구,하왕극동미라주(하왕5),재개발,난계로 73 하왕십리동 극동미라주 아파트,191,191,2001-12-14
동대문구,이문중앙하이츠빌(이문4),재개발,휘경로11길 52 이문동 중앙하이츠빌,372,70,2002-05-03
성북구,상월곡동아(상월곡),재개발,장월로1길 28 상월곡동 동아에코빌아파트,278,278,2002-08-14
마포구,공덕2삼성(공덕2),재개발,만리재옛길 101 공덕동 삼성래미안공덕2차아파트,199,199,2002-08-14
성동구,행당한신(행당2),재개발,고산자로 164 행당동 행당한신아파트,159,159,2002-09-12
금천구,시흥벽산(시흥1),재개발,금하로 796 시흥동 벽산6단지아파트,1288,1288,2002-09-26
강북구,미아벽산(미아1-2),재개발,솔샘로 159 미아동 벽산라이브파크,490,490,2002-10-22
동대문구,답십리대림(답십리10),재개발,답십리로60길 38 답십리동 대림아파트,275,47,2002-10-28
동작구,상도래미안1차(상도2),재개발,등용로 37 상도동 상도래미안1차아파트,164,164,2002-11-14
노원구,온수연립주택,기타임대,동일로239나길 27 상계동 온수연립,15,15,2002-11-04
성북구,월곡두산,재개발,오패산로 46 하월곡동 월곡두산위브아파트,458,458,2003-04-30
동대문구,이문대림(이문3),재개발,이문로54길 16 이문동 이문e편한세상아파트,181,181,2003-05-28
성북구,정릉풍림(정릉4),재개발,솔샘로25길 11-14 정릉동 정릉풍림아이원아파트,332,332,2003-06-28
마포구,상암월드컵1단지,공공임대,월드컵북로47길 8 상암동 상암월드컵아파트 1단지,820,820,2003-08-30
관악구,관악벽산블루밍,재개발,양녕로 117 봉천동 벽산블루밍아파트,799,799,2003-10-02
동작구,상도3쌍용,재개발,상도로 107 상도동 쌍용스윗닷홈,65,65,2003-12-27
관악구,관악푸르지오(봉천7-2),재개발,청림5길 28 봉천동 관악푸르지오2단지아파트,392,392,2003-12-18
강북구,삼각산아이원(미아5),재개발,삼양로19길 113 미아동 삼각산아이원아파트,673,673,2003-12-30
동작구,본동한신휴플러스(본동2-3),재개발,매봉로 99 본동 한신휴플러스아파트,134,134,2004-08-07
성북구,길음뉴타운4단지,재개발,길음로 118 길음동 길음뉴타운,276,276,2005-04-20
성북구,길음뉴타운3단지,재개발,길음로13길 39 길음동 길음뉴타운,282,282,2005-04-20
영등포구,당산 SH VILLE,공공임대,영신로 183 당산동3가 당산 SH VILLE,195,195,2005-06-17
서초구,방배SH-ville(방배2),재개발,과천대로 908 방배동 방배에스에이치빌아파트,81,81,2005-08-12
은평구,불광SH-ville(불광1),재개발,불광로2길 46 불광동 불광에스에이치빌,100,100,2005-09-04
성북구,장월1(임대),국민,한천로101길 54 장위동 장월 에스에이치빌 1단지,254,254,2006-04-18
동작구,본동SH-ville,재개발,노량진로22길 60 본동 본동 에스에이치빌,176,176,2006-11-01
동작구,상도SH-ville,재개발,상도로53길 70 상도동 상도에스에이치빌,953,953,2006-11-01
성동구,마장동 임대아파트,국민,마조로15가길 23 마장동 마장 에스에이치빌,400,400,2006-11-01
성북구,종암SH-Ville,재개발,종암로9길 71 종암동 종암2차 아이파크,104,104,2007-04-09
강서구,발산지구2단지(임대),"국민,장기",강서로47길 158 내발산동741 마곡수명산파크2단지아파트,629,272,2007-07-10
송파구,송파파인타운11단지(임대),"국민,장기",송파대로8길 58 장지동854 송파파인타운11단지,333,124,2007-07-31
송파구,송파파인타운10단지(임대),"국민,장기",송파대로8길 20 장지동856 송파파인타운10단지,545,356,2007-08-20
마포구,외국인임대주택,외국인,월드컵북로60길 13 상암동 DMC VILLE외국인임대주택,175,175,2006-09-14
은평구,응암SH-ville(응암6),재개발,백련산로 146-30 응암동 응암 SH-VILLE,136,136,2007-08-20
양천구,신월동도센트리움,재건축,오목로17길 7 신월동 동도센트리움아파트,99,7,2007-03-30
강북구,미아SH-ville(미아2),재개발,삼양로 246-14 미아동 미아 에스에이치빌 아파트,57,57,2007-08-27
강서구,발산지구3단지(임대),장기전세,수명로1길 110 내발산동751 마곡수명산파크3단지아파트,518,281,2007-09-08
강서구,발산지구6단지(임대),국민,수명로2길 63 내발산동759 마곡수명산파크6단지아파트,399,237,2007-09-21
강서구,발산지구1단지(임대),국민,강서로47길 108 내발산동742 마곡수명산파크1단지아파트,1421,841,2007-10-10
관악구,신림SH-ville(신림7),재개발,난곡로 80 신림동 신림SH Ville아파트,150,150,2007-09-06
성북구,길음SH-ville(길음5),재개발,길음로 74 길음동 길음뉴타운,90,90,2007-11-18
중랑구,청광플러스원,재건축,동일로136길 15 중화동 청광플러스원,109,8,2007-07-23
양천구,동원데자뷰,재건축,오목로 76-2 신월동 장수마을2단지동원데쟈뷰아파트,118,9,2007-07-31
송파구,송파파인타운7단지(임대),국민,충민로4길 19 장지동844 송파파인타운7단지,537,300,2007-12-24
송파구,송파파인타운9단지(임대),"국민,장기",송파대로8길 17 장지동843 송파파인타운9단지,796,636,2007-12-24
마포구,상암3-8단지(임대),국민,월드컵로42길 12 상암동 상암월드컵8단지,840,840,2008-01-16
강서구,발산지구4단지(임대),"국민,장기",수명로1길 16 내발산동753 마곡수명산파크4단지아파트,919,289,2008-01-20
강서구,보람더하임,재건축,양천로 666 염창동 보람 더하임,202,16,2007-12-17
성동구,와이엠프라젠,재건축,자동차시장1길 14 용답동 와이엠프라젠아파트,83,5,2007-10-15
금천구,백운한비치,재건축,금하로23길 52 시흥동 백운한비치Ⅱ,112,9,2008-01-15
송파구,송파파인타운4단지(임대),"국민,장기",새말로12길 16 장지동837 송파파인타운4단지,181,75,2008-03-11
중구,황학롯데캐슬(황학),재개발,청계천로 400 황학동 롯데캐슬베네치아,336,336,2008-04-30
은평구,"상림마을8-2단지(은평1-1,임대)","국민,장기",진관4로 17 진관동19 은평뉴타운상림마을,707,403,2008-04-30
은평구,"상림마을8-1단지(은평1-2,임대)","국민,장기",진관4로 37 진관동14 은평뉴타운상림마을,335,114,2008-04-30
은평구,"상림마을7-3단지(은평1-3,임대)","국민,장기",진관4로 47 진관동13 은평뉴타운상림마을,255,81,2008-04-30
은평구,"상림마을7-2단지(은평1-4,임대)","국민,장기",진관4로 77 진관동6 은평뉴타운상림마을,241,77,2008-04-30
은평구,"상림마을6-4단지(은평1-5,임대)","국민,장기",진관4로 87 진관동5 은평뉴타운상림마을,318,103,2008-04-30
은평구,"상림마을6-3단지(은평1-6,임대)","국민,장기",진관4로 107 진관동1 은평뉴타운상림마을,379,195,2008-04-30
은평구,"상림마을6-2단지(은평1-7,임대)","국민,장기",진관4로 100 진관동2 은평뉴타운상림마을,378,89,2008-04-30
은평구,"상림마을6-1단지(은평1-8,임대)","국민,장기",진관4로 78-7 진관동3 은평뉴타운상림마을,208,100,2008-04-30
은평구,"상림마을7-1단지(은평1-9,임대)","국민,장기",진관4로 78-8 진관동 은평뉴타운상림마을,127,127,2008-04-30
은평구,"상림마을7-4단지(은평1-10,임대)","국민,장기",진관4로 48-17 진관동12 은평뉴타운상림마을,230,133,2008-04-30
은평구,"상림마을7-5단지(은평1-11,임대)","국민,장기",진관4로 48-8 진관동15 은평뉴타운상림마을,187,97,2008-04-30
은평구,"상림마을8-3단지(은평1-12,임대)","국민,장기",진관3로 70 진관동20 은평뉴타운상림마을,551,180,2008-04-30
강서구,발산지구5단지(임대),국민,수명로2길 105 내발산동749 마곡수명산파크5단지아파트,948,490,2008-05-21
성북구,월곡3 SH-ville(월곡3),재개발,성북구 오패산로 90 하월곡동 래미안월곡아파트,288,288,2008-04-26
송파구,송파파인타운5단지(임대),국민,충민로4길 5 장지동845 송파파인타운5단지,455,225,2008-08-22
송파구,송파파인타운6단지(임대),"국민,장기",충민로6길 14 장지동847 송파파인타운6단지,564,253,2008-08-25
송파구,송파파인타운2단지(임대),국민,충민로 151 장지동835 송파파인타운2단지,374,263,2008-09-25
성북구,월곡2 SH-ville(월곡2),재개발,회기로5길 142 하월곡동 월곡2에스에이치빌,209,209,2008-09-15
강서구,발산지구7단지(임대),국민,수명로2가길 22 내발산동756 마곡수명산파크7단지아파트,643,395,2008-09-16
송파구,송파파인타운8단지(임대),"국민,장기",충민로4길 6 장지동842 송파파인타운8단지,700,542,2008-10-20
구로구,고척유진마젤란아파트,재건축,경인로47길 128 고척동 고척마젤란아파트,175,30,2008-05-21
양천구,수명산롯데캐슬,재건축,월정로 303 신월동 수명산롯데캐슬,215,18,2008-06-25
영등포구,태승훼밀리아파트,재건축,선유서로34길 6 양평동3가 양평동1차 태승훼미리아파트,64,11,2008-06-03
성북구,삼선SH-ville(삼선1),재개발,보문로29다길 25-9 삼선동3가 삼선1에스에이치빌,285,285,2008-10-15
은평구,"박석고개1-3단지(은평2-1,임대)","국민,장기",진관1로 21-10 진관동102 은평뉴타운 박석고개,947,341,2008-12-22
은평구,"박석고개1-1단지(은평2-12,임대)","국민,장기",진관1로 21-9 진관동101 은평뉴타운 박석고개,660,357,2008-12-22
서대문구,DMC아이파크(가재울뉴타운1),재개발,거북골로14길 32 북가좌동 DMC아이파크아파트,362,90,2008-12-22
은평구,구산(임대),주거환경,갈현로7길 56 구산동226 구산그린빌,203,153,2009-02-11
강남구,신사삼지래미안(임대),재건축,압구정로2길 20 신사동 래미안 신사,63,3,2008-10-06
강서구,마곡푸르지오,재건축,방화대로34길 88 방화동 마곡푸르지오,341,23,2008-06-07
성북구,정릉라온유(임대),재건축,정릉로 307 정릉동 라온유 아파트,236,23,2008-10-08
강동구,강일지구1단지(임대),"국민,장기",아리수로93가길 25 강일동665 강일리버파크1단지아파트,282,106,2009-02-23
강동구,강일지구2단지(임대),"국민,장기",아리수로97길 68 강일동668 강일리버파크2단지아파트,442,268,2009-02-23
강동구,강일지구3단지(임대),"국민,장기",아리수로93길 40 강일동674 강일리버파크3단지아파트,987,615,2009-02-23
강동구,강일지구4단지(임대),"국민,장기",아리수로97길 19 강일동673 강일리버파크4단지아파트,748,470,2009-02-23
강동구,강일지구6단지(임대),"국민,장기",아리수로94길 19 강일동684 강일리버파크6단지아파트,553,323,2009-02-23
강동구,강일지구8단지(임대),"국민,장기",아리수로94길 72 강일동701 강일리버파크8단지아파트,410,206,2009-02-23
강서구,강서센트레빌(임대),재건축,방화대로41길 9 방화동 강서센트레빌3차,147,12,2009-03-01
중랑구,묵동월드메르디앙(임대),재건축,중랑천로 316 묵동 묵동월드메르디앙아파트,141,10,2009-03-01
성동구,서울숲아이파크(임대),재건축,동일로 237 송정동 서울숲아이파크,241,34,2008-12-22
동대문구,신이문어울림(임대),재건축,신이문로 9 이문동 신이문 금호어울림,166,13,2008-10-10
마포구,망원동 동원데자뷰(임대),재건축,방울내로9안길 57 망원동 동원데자뷰아파트,101,7,2008-09-01
마포구,월드컵아이파크1차(임대),재건축,모래내로9길 6 성산동 월드컵아이파크,320,12,2008-12-24
마포구,월드컵아이파크2차(임대),재건축,모래내로9길 3 성산동 월드컵아이파크,70,6,2008-10-16
동대문구,용두두산위브,재개발,정릉천동로 16 용두동 용두두산위브,95,95,2009-02-27
강동구,강일지구9단지(임대),"국민,장기",고덕로97길 29 강일동699 강일리버파크9단지아파트,841,737,2009-03-19
강동구,강일지구10단지(임대),"국민,장기",고덕로97길 20 강일동695 강일리버파크,694,470,2009-03-19
동대문구,답십리래미안,재개발,한천로33길 11 답십리동 래미안엘파인아파트,52,52,2008-12-30
강서구,강서동부센트리빌4차(임대),재건축,남부순환로 11 공항동 강서센트레빌4차,215,21,2009-02-24
관악구,관악청광플러스원(임대),재건축,은천로15길 16 봉천동 관악청광플러스원아파트,71,2,2009-03-05
서초구,래미안서초스위트(임대),재건축,서운로 221 서초동 래미안서초스위트아파트,392,16,2009-01-31
서초구,반포자이,재건축,신반포로 270 반포동 반포자이아파트,3410,419,2009-03-05
서초구,서초두산위브트레지움(임대),재건축,서운로 194 서초동 두산위브트레지움아파트,98,6,2008-08-22
강동구,강일지구7단지(임대),"국민,장기",아리수로98길 25 강일동686 강일리버파크7단지아파트,731,455,2009-05-25
서대문구,DMC센트레빌(가재울뉴타운2),재개발,거북골로 120 남가좌동 DMC센트레빌아파트,473,100,2009-06-02
성북구,래미안석관,재개발,화랑로 214 석관동 래미안석관,80,80,2009-06-29
강동구,강일지구5단지(임대),"국민,장기",아리수로97길 20 강일동670 강일리버파크5단지아파트,722,432,2009-06-30
서대문구,홍은센트레빌,재개발,통일로 553 홍은동 홍은 센트레빌,48,48,2009-07-31
의정부시,수락리버시티1단지,"국민,장기",누원로 51 장암동413 수락리버시티1단지,680,453,2009-08-13
의정부시,수락리버시티2단지,"국민,장기",누원로 52 장암동412 수락리버시티2단지,473,175,2009-08-13
서초구,래미안퍼스티지,재건축,반포대로 275 반포동 래미안퍼스티지아파트,2444,266,2009-07-15
구로구,구로경남아너스빌(임대),재건축,구로중앙로8길 41-23 구로동 경남아너스빌,129,9,2009-05-19
광진구,한라녹턴(임대),재건축,영화사로16길 43 구의동 구의동 아차산 한라아파트,72,3,2009-07-10
서대문구,돈의문센트레빌(서대문센트레빌),재개발,독립문로14길 33 냉천동 돈의문센트레빌,120,120,2009-08-30
은평구,"마고정3-2단지(은평2-3,임대)","국민,장기",진관2로 90 진관동107 은평뉴타운 마고정,659,200,2009-10-29
성북구,래미안종암2차(종암4),재개발,종암로23길 35 종암동 래미안세레니티,206,206,2009-10-30
성동구,왕십리 주상복합,장기전세,청계천로 474 하왕십리동286-2 왕십리 모노퍼스 주상복합,97,69,2009-11-20
노원구,수락리버시티3단지,"국민,장기",누원로 28 상계동1312 수락리버시티 3단지,696,360,2009-10-31
노원구,수락리버시티4단지,"국민,장기",누원로 18 상계동1313 수락리버시티4단지,548,264,2009-10-31
은평구,"마고정3-3단지(은평2-2,임대)","국민,장기",진관2로 60 진관동105 은평뉴타운 마고정,434,193,2009-11-10
은평구,"마고정3-1단지(은평2-11,임대)","국민,장기",진관1로 55 진관동106 은평뉴타운 마고정,469,285,2009-11-10
송파구,송파파인타운1단지(임대),장기전세,충민로 188 장지동833 송파파인타운1단지,221,46,2009-11-12
성동구,행당두산위브,재개발,행당로8길 8 행당동 행당두산위브아파트,114,114,2009-12-03
은평구,"우물골2-1단지(은평2-4,임대)","국민,장기",진관2로 67 진관동82 은평뉴타운 우물골,143,83,2009-12-04
은평구,"우물골2-2단지(은평2-5,임대)","국민,장기",진관2로 77 진관동83 은평뉴타운우물골,387,164,2009-12-04
중랑구,신내데시앙,"국민,장기",용마산로 669 신내동317 신내데시앙아파트,1326,967,2009-12-10
강동구,고덕아이파크,재건축,동남로79길 26 고덕동 고덕아이파크,1142,128,2010-02-18
강남구,래미안그레이튼,재건축,도곡로43길 20 역삼동 래미안 그레이튼,476,24,2009-12-28
서초구,서초교대이편한세상,재건축,서초중앙로24길 33 서초동 서초교대이편한세상,435,24,2010-02-28
구로구,온수힐스테이트,재건축,부일로9길 127 온수동 온수 힐스테이트,999,56,2009-10-01
동대문구,래미안용두1차,재개발,고산자로29길 18 용두동 래미안허브리츠,210,210,2010-02-25
강북구,래미안트리베라1차(래미안트리베라6),재개발,삼양로19길 25 미아동 삼성래미안트리베라1차아파트,1247,212,2010-05-28
강북구,래미안트리베라2차(래미안트리베라12),재개발,삼양로27길 19 미아동 삼성래미안트리베라아파트,1330,228,2010-05-28
은평구,"폭포동4-1단지(은평3-10,임대)",장기전세,진관1로 77-8 진관동 은평뉴타운 폭포동,297,297,2010-05-15
마포구,상암월드컵파크 11단지(임대),"국민,장기",월드컵북로 502-37 상암동1741 상암월드컵파크11단지,588,530,2010-05-27
성북구,길음뉴타운8단지(길음8),재개발,길음로 33 길음동 길음뉴타운,120,120,2010-06-30
은평구,"구파발9-1단지(은평3-3,임대)","국민,장기",진관3로 15-35 진관동 은평뉴타운 구파발,1022,1022,2010-06-13
마포구,상암월드컵파크 10단지(임대),"국민,장기",월드컵북로 502-36 상암동1736 상암월드컵파크10단지,861,719,2010-06-24
성북구,길음뉴타운7단지(길음7),재개발,길음로13길 22 길음동 길음7구역 두산위브아파트,99,99,2010-07-31
은평구,북한산힐스테이트3차(불광3),재개발,불광로14길 10-4 불광동 북한산현대힐스테이트3차아파트,147,147,2010-08-20
성북구,래미안종암3차(종암5),재개발,종암로24가길 80 종암동 래미안라센트,188,188,2010-08-31
은평구,북한산래미안(불광6),재개발,불광로2길 41 불광동 북한산래미안아파트,135,135,2010-08-28
강북구,송천동부(미아10-1),재개발,숭인로 39 미아동 송천센트레빌,376,70,2010-09-13
성북구,길음뉴타운9단지(정릉길음9),재개발,길음로9길 50 길음동 길음뉴타운,242,242,2010-09-30
마포구,상암월드컵파크 9단지,"국민,장기",월드컵북로 501 상암동1752 상암월드컵파크9단지,1036,766,2010-09-28
마포구,상암월드컵파크 12단지(임대),"국민,장기",월드컵북로 502-7 상암동1743 상암월드컵파크12단지,380,166,2010-10-14
성북구,종암2차SK뷰(종암6),재개발,종암로24길 35 종암동 종암2차SK뷰아파트,393,68,2010-10-31
은평구,"구파발10-2단지(은평3-4,임대)","국민,장기",진관3로 15-35 진관동 은평뉴타운 구파발,423,423,2010-11-30
구로구,고척벽산블루밍(고척3),재개발,고척로60길 30 고척동 벽산베스트블루밍아파트,339,59,2010-12-01
동대문구,래미안아름숲(전농6),재개발,전농로16길 51 전농동 래미안아름숲,148,148,2010-11-29
동대문구,휘경센트레빌(휘경2),재개발,외대역동로 14 휘경동 휘경센트레빌,297,51,2010-12-15
강동구,고덕리엔파크1단지,"국민,장기",상일로 152 강일동707 고덕리엔파크1단지아파트,605,459,2010-12-15
강동구,고덕리엔파크2단지,"국민,장기",고덕로 427 강일동717 고덕리엔파크2단지아파트,636,443,2010-12-15
양천구,양천롯데캐슬,재건축,오목로5길 19 신월동 양천롯데캐슬,317,11,2010-07-21
강남구,래미안그레이튼2차,재건축,도곡로43길 21 역삼동 래미안그레이튼,464,22,2010-06-04
동대문구,청계한신휴플러스,재건축,서울시립대로 14 답십리동 청계한신휴플러스,725,20,2010-08-13
강동구,고덕리엔파크3단지,"국민,장기",상일로 74 상일동490 고덕리엔파크3단지아파트,2283,1814,2010-12-30
송파구,송파파크데일1단지,"국민,장기",성내천로37길 37 마천동582 송파파크데일1단지,812,527,2011-01-11
송파구,송파파크데일2단지,"국민,장기",성내천로47길 38 마천동607 송파파크데일2단지,889,635,2011-01-11
용산구,용산e편한세상(신계),재개발,원효로 216 신계동 용산e편한세상,867,168,2011-02-22
강남구,강남신동아파밀리에1단지,"국민,장기",헌릉로590길 100 세곡동508 세곡리엔파크1단지,395,307,2011-01-31
강남구,강남신동아파밀리에2단지,"국민,장기",헌릉로590길 10 세곡동511 세곡리엔파크2단지,410,324,2011-01-31
강남구,세곡리엔파크3단지,"국민,장기",헌릉로590길 11 세곡동516 세곡리엔파크3단지,363,303,2011-01-31
마포구,래미안공덕5차(공덕5),재개발,마포대로 173-15 공덕동 래미안 공덕5차,794,136,2011-02-25
서초구,반포리체,재건축,고무래로 35 반포동 반포리체아파트,1119,43,2010-10-29
양천구,신정이펜하우스2단지,"국민,장기",신정이펜2로 55 신정동1322 신정이펜하우스2단지,471,259,2011-03-25
양천구,신정이펜하우스5단지,"국민,장기",신정이펜1로 27 신정동1318 신정이펜하우스5단지,238,154,2011-03-25
동작구,흑석한강센트레빌(흑석5),재개발,흑석한강로 12 흑석동 흑석한강센트레빌,655,114,2011-03-25
성동구,서울숲행당푸르지오(행당5),재개발,고산자로 177 행당동 서울숲행당푸르지오아파트,94,94,2011-05-03
구로구,천왕이펜하우스2단지,"국민,장기",천왕로 92 오류동353 천왕이펜하우스2단지,526,359,2011-06-03
강남구,세곡리엔파크4단지,"국민,장기",헌릉로590길 88 세곡동 세곡리엔파크4단지,407,407,2011-05-22
구로구,천왕이펜하우스6단지,"국민,장기",천왕로 9 천왕동275 천왕이펜하우스6단지,678,502,2011-06-17
양천구,신정이펜하우스3단지,"국민,장기",신정이펜1로 50 신정동1316 신정이펜하우스3단지,1339,1137,2011-05-31
양천구,신정이펜하우스4단지,"국민,장기",신정이펜1로 51 신정동1317 신정이펜하우스4단지,546,329,2011-05-31
동대문구,일성트루엘,재건축,천호대로83길 71-7 장안동 일성트루엘아파트,116,10,2011-06-28
구로구,천왕이펜하우스5단지,"국민,장기",천왕로 10 천왕동277 천왕 이펜하우스 5단지,522,458,2011-07-19
은평구,북한산힐스테이트(불광7),재개발,통일로 796 불광동 북한산 힐스테이트7차,188,188,2011-07-29
양천구,신정이펜하우스1단지,"국민,장기",신정이펜1로 99 신정동1321 신정이펜하우스1단지,466,338,2011-07-09
구로구,천왕이펜하우스4단지,"국민,장기",천왕로 29 천왕동273 천왕 이펜하우스 4단지,478,366,2011-08-03
서초구,우면2지구 다세대(임대),기타임대,형촌길 60 우면동 네이처힐 가든,115,115,2011-08-31
구로구,천왕이펜하우스1단지,"국민,장기",천왕로 91 천왕동281 천왕 이펜하우스 1단지,314,156,2011-10-12
구로구,천왕이펜하우스3단지,"국민,장기",천왕로 56 천왕동278 천왕 이펜하우스 3단지,1044,1002,2011-09-12
강남구,청담자이,재건축,영동대로138길 12 청담동 청담자이아파트,708,20,2011-10-26
동작구,두산위브(사당),재건축,사당로13길 31 사당동 두산위브 트레지움,451,23,2011-10-31
강남구,강남데시앙파크,"국민,장기",헌릉로590길 63 세곡동525 강남데시앙파크,546,211,2011-11-01
서초구,서초네이처힐4단지,"국민,장기",태봉로2길 65 우면동720 서초네이처힐4단지,409,232,2011-12-12
서초구,서초네이처힐5단지,"국민,장기",태봉로2길 5 우면동 서초네이처힐5단지,509,509,2011-12-12
서초구,서초네이처힐7단지,국민,태봉로2길 10 우면동735 서초네이처힐7단지,275,179,2011-12-12
중구,래미안신당하이베르(신당6),재개발,퇴계로90길 74 신당동 래미안신당하이베르아파트,161,161,2011-10-28
강북구,미아두산위브트레지움(미아8),재개발,삼양로27길 95 미아동 두산위브트레지움아파트,1370,234,2011-10-31
동작구,래미안트윈파크(본동5),재개발,노량진로23가길 23 본동 래미안 트윈파크,528,91,2011-11-04
중구,청구e편한세상(신당7),재개발,청구로 64 신당동 청구 e편한세상,158,158,2011-12-13
동대문구,브라운스톤휘경(휘경4),재개발,망우로20길 86 휘경동 브라운스톤 휘경,451,78,2011-12-23
은평구,백련산힐스테이트1차(응암7),재개발,백련산로2길 39 응암동 백련산 힐스테이트 1차,78,78,2011-12-22
은평구,백련산힐스테이트2차(응암8),재개발,백련산로2길 42 응암동 백련산 힐스테이트 2차,255,255,2011-12-22
은평구,백련산힐스테이트3차(응암9),재개발,백련산로2길 46 응암동 백련산 힐스테이트 3차,219,219,2011-12-21
송파구,송파래미안파인탑,재건축,오금로32길 31 송파동 래미안송파파인탑,794,25,2012-01-06
서대문구,동원베네스트,재건축,홍은중앙로1길 65 홍은동 동원베네스트아파트,195,22,2012-01-19
성북구,희망하우징(정릉 380-3),기타임대,정릉로 199 정릉동 정릉희망하우징,54,54,2012-02-06
은평구,"구파발10-3단지(은평3-5,임대)","국민,장기",북한산로 2 진관동 은평뉴타운구파발,712,712,2012-01-09
양천구,신정뉴타운두산위브(신정1-2),재개발,신월로20길 7 신월동 신정뉴타운두산위브아파트,357,61,2012-02-28
서초구,서초네이처힐2단지,"국민,장기",형촌길 15 우면동712 서초네이처힐2단지,133,96,2012-04-03
성동구,래미안하이리버(금호17),재개발,금호로 111 금호동2가 하이리버,96,96,2012-04-30
성동구,래미안하이리버(금호19),재개발,금호로 111 금호동2가 하이리버,210,210,2012-04-30
동작구,흑석한강푸르지오(흑석4),재개발,흑석한강로 27 흑석동 흑석한강푸르지오,863,147,2012-07-02
성동구,금호자이2차(금호18),재개발,금호산8길 14 금호동3가 금호자이2차,403,83,2012-07-05
강남구,개나리에스케이뷰,재건축,역삼로 315-1 역삼동 개나리SK뷰,240,7,2012-08-17
성동구,서울숲2차푸르지오(금호14),재개발,금호로3길 11 금호동4가 서울숲2차푸르지오,121,121,2012-08-10
성북구,동일하이빌뉴시티(신월곡),"재건축,장기",종암로 167 하월곡동 동일하이빌뉴시티,440,38,2011-11-30
강서구,방화동원룸(유니트로),기타임대,개화동로21길 49 방화동 유니트로,75,75,2012-07-20
서대문구,DMC래미안e편한세상(가재울뉴타운3),재개발,수색로 100 북가좌동 DMC래미안e편한세상,3293,629,2012-10-05
서초구,서초네이처힐1단지,"외국인,장기",형촌길 35 우면동707 서초네이처힐1단지,178,88,2012-10-15
마포구,연남공공원룸텔(임대),기타임대,성미산로17길 79 연남동 서울공공주택연남동희망원룸,30,30,2012-12-10
송파구,문정공공원룸텔,기타임대,새말로 114-1 문정동 서울공공주택문정동희망원룸,31,31,2012-10-22
동작구,흑석한강센트레빌2차(흑석6),재개발,서달로 91 흑석동 흑석한강센트레빌2차,963,165,2012-12-24
서초구,서초네이처힐3단지,"국민,장기",태봉로2길 60 우면동717 서초네이처힐3단지,1251,853,2012-12-30
서초구,서초네이처힐6단지,"국민,장기",태봉로2길 30 우면동737 서초네이처힐6단지,382,275,2013-01-21
노원구,공릉공공원룸텔,기타임대,화랑로51가길 3 공릉동,14,14,2013-03-04
마포구,메세나폴리스(합정1),재개발,양화로 45 서교동 메세나폴리스,617,77,2012-09-21
성동구,래미안옥수리버젠(옥수12),재개발,매봉길 17 옥수동 래미안 옥수 리버젠,310,310,2013-03-31
동대문구,래미안크레시티(전농7),재개발,사가정로 65 전농동 래미안크레시티아파트,2397,413,2013-04-30
강남구,래미안도곡카운티,재건축,도곡로 320 도곡동 래미안도곡카운티,397,14,2013-02-25
중랑구,묵동리본타워(묵동시프트),장기전세,신내로 277 묵동 묵동리본타워,86,86,2013-05-30
강남구,역삼동 공공원룸텔,기타임대,도곡로23길 5 역삼동,30,30,2013-09-17
서초구,양재동 102번지 장기전세아파트,장기전세,바우뫼로18길 20 양재동 양재리본타워1단지,231,231,2013-10-04
강서구,강서한강자이,"재건축,장기",양천로55길 55 가양동 강서한강자이,790,81,2013-09-25
서초구,서초포레스타7단지,장기전세,청계산로11길 7-12 신원동646 서초포레스타7단지,310,241,2013-09-30
도봉구,북한산코오롱하늘채(쌍문1),재개발,우이천로 367 쌍문동 북한산코오롱하늘채아파트,293,50,2013-10-25
은평구,녹번센트레빌(응암3),재개발,백련산로 160 응암동 녹번역센트레빌,350,60,2013-09-26
은평구,불광롯데캐슬(불광4),재개발,불광로 64 불광동 불광 롯데캐슬,100,100,2013-09-30
중랑구,신내3지구 2단지(임대),"국민,장기",신내역로 165 신내동817 신내우디안2단지,1896,1176,2013-12-13
구로구,천왕2지구1단지(임대),"국민,장기",오류로 30 천왕동280 천왕연지타운1단지,571,398,2013-12-13
도봉구,방학동 393-16 두레주택(현물출자),기타임대,시루봉로15라길 63 방학동 393-16,6,6,1985-10-21
도봉구,방학동 394-11 두레주택(현물출자),기타임대,시루봉로17길 48-2 방학동 394-11,2,2,1985-09-10
성북구,e편한세상(보문4),재개발,보문사길 40 보문동3가 이편한세상보문,440,79,2013-12-26
은평구,갈현 공공기숙사(임대),기타임대,통일로 943 갈현동,41,41,2014-01-24
구로구,천왕2지구2단지(임대),"국민,장기",오리로 1102-10 천왕동281 천왕연지타운2단지,1018,670,2014-01-28
강남구,테헤란아이파크,재건축,테헤란로52길 16 역삼동 테헤란IPARK,411,11,2014-01-24
노원구,공릉동657-7 기숙사,기타임대,화랑로 464 공릉동,43,43,2014-02-06
강남구,세곡2보금자리지구3단지(임대),"영구,국민,장기",밤고개로21길 25 자곡동22 래미안포레,1070,874,2014-03-03
강남구,세곡2보금자리지구4단지(임대),"영구,국민,장기",자곡로 260 자곡동23 강남한양수자인아파트,1304,653,2014-03-03
강서구,내발산동740 기숙사,기타임대,수명로1길 131 내발산동,193,193,2014-03-28
마포구,마포자이2차(대흥3),재개발,서강대길 40 대흥동 마포자이2차아파트,558,96,2014-03-06
서초구,방배롯데캐슬아르떼,재건축,방배천로18길 11 방배동 방배롯데캐슬아르떼,744,61,2013-11-20
중랑구,현대프레미어스엠코(상봉8),재개발,망우로 353 상봉동 상봉 프레미어스 엠코,497,24,2013-11-08
영등포구,영등포아트자이(도림16),재개발,도영로 66 도림동 영등포아트자이아파트,836,147,2014-03-15
서초구,서초포레스타5단지,장기전세,청계산로7길 43 신원동690 서초포레스타5단지,547,152,2014-05-08
성동구,왕십리텐즈힐2(왕십리뉴타운2),재개발,마장로 137 상왕십리동 텐즈힐,211,211,2014-02-27
양천구,신정뉴타운롯데캐슬(신정1-4),재개발,중앙로29길 61 신월동 신정뉴타운롯데캐슬,930,160,2014-02-07
구로구,개봉푸르지오,재건축,남부순환로 775 개봉동 개봉푸르지오,978,115,2014-05-20
강서구,마곡지구 14단지(임대),"국민,장기",마곡중앙로 33 마곡동750 마곡엠밸리14단지,1270,891,2014-04-29
강서구,마곡지구 15단지(임대),"국민,장기",마곡중앙로 36 마곡동751 마곡엠밸리15단지,1171,755,2014-04-29
강서구,마곡지구 6단지(임대),"국민,장기",마곡서1로 100 마곡동743 마곡엠밸리6단지,1466,921,2014-05-14
강서구,마곡지구 7단지(임대),"국민,장기",마곡서로 133 마곡동743-4 마곡엠밸리7단지,1004,338,2014-05-14
양천구,신정공공주택(신정도시마을),기타임대,신정로13가길 6 신정동 신정도시마을주택,92,92,2014-06-13
강서구,마곡지구 1단지(임대),"국민,장기",마곡서1로 131 마곡동734 마곡엠밸리1단지,237,141,2014-05-21
강서구,마곡지구 2단지(임대),"국민,장기",마곡서1로 146 마곡동735 마곡엠밸리2단지,408,242,2014-05-21
강서구,마곡지구 3단지(임대),"국민,장기",마곡서1로 132 마곡동736 마곡엠밸리3단지,315,193,2014-05-21
강서구,마곡지구 4단지(임대),"국민,장기",마곡서로 175 마곡동738 마곡엠밸리4단지,420,258,2014-05-24
중랑구,신내3지구 1단지(임대),"국민,장기",신내역로1길 85 신내동816 신내우디안1단지,1402,787,2014-06-18
강서구,마곡지구 5단지(임대),"국민,장기",마곡서1로 111-11 마곡동740 마곡엠밸리5단지,439,137,2014-05-28
서초구,서초포레스타3단지,장기전세,헌릉로8길 22 신원동698 서초포레스타3단지,482,162,2014-06-24
서초구,양재동212 장기전세아파트,장기전세,매헌로16길 40 양재동 양재리본타워2단지,390,390,2014-06-26
마포구,래미안마포리버웰(용강2),재개발,토정로31길 23 용강동 마포 리버웰,563,97,2014-07-15
서초구,서초더샵포레,장기전세,헌릉로8길 58 내곡동400 서초더샵포레,1264,215,2014-07-13
노원구,중계한화꿈에그린,재건축,덕릉로 83길5 중계동 한화꿈에그린더퍼스트아파트,283,34,2014-08-28
동작구,사당동원룸,기타임대,남부순환로255다길 20 사당동,30,30,2014-09-15
강서구,가양동 1494-3 협동조합형 임대주택(현물출자),기타임대,양천로61길 50 가양동 이음채,24,24,2014-08-23
동대문구,래미안위브(답십리16),재개발,답십리로 130 답십리동 래미안위브아파트,2652,453,2014-10-13
성북구,돈암5구역,재개발,동소문로34길 73 돈암동 길음역 금호어울림 센터힐,490,84,2014-10-31
마포구,상수1구역,재개발,독막로20나길 22 상수동 래미안 밤섬리베뉴Ⅰ,429,73,2014-10-30
마포구,상수2구역,재개발,독막로20나길 21 상수동 래미안 밤섬리베뉴Ⅱ,530,91,2014-10-30
강남구,아크로힐스논현,재건축,언주로 604 논현동 ACROHILLS논현,368,34,2014-12-08
서초구,서초삼익롯데캐슬프레지던트,재건축,서초중앙로24길 57 서초동 서초롯데캐슬프레지던트,280,7,2014-11-13
은평구,"기자촌11단지(은평3-12,임대)",장기전세,연서로46길 7 진관동150,426,21,2014-12-30
구로구,천왕여성안심주택,기타임대,천왕로50 천왕동 천왕이펜하우스S ,96,96,2015-01-28
마포구,용강3구역,재개발,토정로31길 24 용강동 e편한세상 마포3차,547,93,2015-01-26
동대문구,용두4구역,재개발,한빛로 73 용두동 용두롯데캐슬리치,311,57,2015-02-24
강북구,수유동 486-682 장기전세주택,장기전세,인수봉로 101 수유동 프레비스타,18,18,2015-03-26
중구,만리동 예술인 협동조합형 공동주택,기타임대,만리재로27길 69 만리동2가,29,29,2015-03-31
중랑구,면목2코오롱하늘채,재건축,용마산로 210 면목동 용마산 하늘채,265,9,2015-03-19
서초구,서초포레스타6단지,"영구,국민,장기",청계산로9길 1-12 신원동632 서초포레스타6단지,585,423,2015-04-07
성북구,정릉10구역,재개발,아리랑로19가길 20 정릉동 정릉 꿈에그린아파트,349,60,2015-04-30
서초구,서초포레스타2단지,"국민,장기",헌릉로8길 45 내곡동386 서초 포레스타 2단지,1077,858,2015-05-06
성동구,왕십리텐즈힐1(왕십리뉴타운1),재개발,무학로 33 하왕십리동 텐즈힐,333,333,2015-04-24
마포구,아현4구역(공덕자이),재개발,마포대로26길 22 아현동 공덕자이 아파트,201,201,2015-04-13
양천구,목동센트럴푸르지오,재건축,오목로 354 목동 목동센트럴푸르지오,248,67,2015-06-30
은평구,북한산푸르지오(녹번1-3),재개발,통일로 660 녹번동 북한산푸르지오아파트,1230,155,2015-07-22
강남구,세곡2보금자리지구6단지(임대),"국민,장기",밤고개로26길 50 율현동12 강남 한신휴플러스 6단지,378,234,2015-07-26
강남구,세곡2보금자리지구8단지(임대),"국민,장기",밤고개로27길 20 율현동9 강남 한신휴플러스 8단지,169,114,2015-07-26
서초구,서초선포레,행복(공사 건설형),청계산로9길 1-3 신원동 서초 선포레,87,87,2015-09-12
구로구,천왕이펜하우스 7,행복(공사 건설형),천왕로 21 천왕동 천왕이펜하우스7단지,374,374,2015-10-27
중랑구,신내 의료안심주택,기타임대,신내로16길 33 신내동 신내동 의료안심주택,222,222,2015-08-08
금천구,보린두레주택(금천구 시흥동),기타임대,시흥대로24길 50 시흥동,10,10,2015-08-26
강동구,강일리버파크 11,행복(공사 건설형),고덕로97길 100 강일동 강일리버파크11단지,346,346,2015-10-29
서대문구,신촌푸르지오(북아현1-2),재개발,북아현로1길 50 북아현동아현역푸르지오,940,163,2015-10-23
강서구,등촌장기전세주택,장기전세,공항대로 359 등촌동 리본타워,54,54,2015-11-17
강남구,수서동 721-1 장기전세주택,장기전세,광평로60길 32 수서동 하니움,73,73,2015-01-21
강서구,화곡동 청년 협동조합 주택,기타임대,강서로5라길 26 화곡동 청년주택협동조합그랑,15,15,2015-12-26
마포구,래미안웰스트림(현석2구역),재개발,토정로18길 11 현석동 래미안웰스트림,773,132,2016-01-28
노원구,중계센트럴파크,"국민,장기",덕릉로70가길 21 상계동1322 중계센트럴파크,457,229,2016-01-17
강동구,강일2 준주거2(리엔타운),기타임대,상일로12길 89 강일동 리엔타운,76,76,2016-02-18
서대문구,홍제금호어울림,재건축,모래내로 411 홍제동 홍제금호어울림,296,34,2016-02-15
동작구,상도동효성해링턴플레이스,재건축,상도로 207 상도동 상도효성해링턴플레이스,202,55,2016-02-03
강남구,래미안대치팰리스,재건축,삼성로51길 37 대치동 래미안 대치 팰리스1단지,1608,40,2015-09-26
서대문구,DMC파크뷰자이(가재울4),재개발,가재울미래로 2 남가좌동 DMC파크뷰자이,4300,750,2015-10-26
성동구,신금호파크자이(금호13),재개발,금호로 173 금호동2가 신금호파크자이,1156,198,2016-04-20
양천구,신정제4구역,재개발,중앙로36길 15 신정동 목동힐스테이트,1081,185,2016-05-19
영등포구,래미안프레비뉴(신길11구역),재개발,가마산로 442 신길동 래미안영등포프레비뉴,949,172,2015-12-19
강남구,역삼자이,재건축,언주로 420 역삼동 역삼자이아파트,408,51,2016-06-22
강서구,마곡지구 8단지(임대),"국민,장기",마곡서1로 81 마곡동741 마곡엠밸리8단지,531,265,2016-07-22
강서구,마곡지구 10단지(임대),"국민,장기",마곡중앙1로 72 마곡동747 마곡엠밸리10단지,550,492,2016-08-09
양천구,신정4지구 보금자리주택(임대),"국민,장기",신정로 110 신정동1324 신정숲속마을,560,420,2016-08-14
강서구,마곡힐스테이트,재건축,마곡중앙3로 74 마곡동 마곡힐스테이트,603,59,2015-12-17
동작구,상도두산위브트레지움,재건축,상도로30길 40 상도동 상도2차두산위브트레지움아파트,582,160,2016-01-27
서초구,래미안신반포팰리스,재건축,잠원로8길 35잠원동 래미안 신반포 팰리스 ,843,81,2016-06-07
강동구,올림픽파크한양수자인,재건축,성내로 80 성내동 올림픽파크한양수자인,482,43,2016-08-18
영등포구,보라매신동아파밀리에,재건축,디지털로 420 대림동 신대림2차 신동아파밀리에,247,14,2016-07-29
서초구,아크로리버파크 반포,재건축,신반포로15길 19 반포동 아크로리버파크,1612,85,2016-08-10
동작구,상도파크자이(상도제10구역),재개발,장승배기로11가길 11 상도동 상도파크자이,471,84,2016-08-29
강서구,마곡지구 11단지(임대),"국민,장기",공항대로 124 마곡동746 마곡엠밸리11단지,347,245,2016-07-17
강서구,마곡지구 12단지(임대),"국민,장기",공항대로 140 마곡동746-1 마곡엠밸리12단지,363,269,2016-07-17
성동구,옥수파크힐스(옥수13),재개발,매봉길 50 옥수동 옥수 파크힐스 ,1976,340,2016-11-11
금천구,금천롯데캐슬골드파크1차,재건축,벚꽃로 40 독산동 금천롯데캐슬골드파크1차아파트,1743,183,2016-12-09
노원구,수락리버타운,행복(공사 건설형),누원로 19 상계동,48,48,2016-10-18
성동구,왕십리센트라스(왕십리뉴타운3),재개발,왕십리로 410 하왕십리동 센트라스 ,2529,432,2016-11-30
성북구,돈암정릉,재개발,아리랑로 75 돈암동 돈암코오롱하늘채,629,107,2016-12-29
강동구,고덕래미안힐스테이트,재건축,아리수로50길 50 고덕동 래미안힐스테이트고덕,3658,211,2016-12-30
서대문구,e편한세상신촌아파트(북아현1-3구역),"재개발,행복(리츠2호)",북아현로1가길 20북아현동 e편한세상신촌 1단지 ,2236,326,2016-12-14
성북구,보문3구역(보문파크뷰자이),"재개발,행복(리츠2호)",보문사길 111보문동6가 보문파크뷰자이 ,1186,208,2017-01-18
마포구,마포센트럴아이파크(아현1-3구역),재개발,마포대로 246아현동 아현 I-PARK,497,85,2017-02-24
서초구,래미안서초에스티지,재건축,서운로 107서초동 래미안서초에스티지,421,65,2016-12-23
강북구,꿈의숲 롯데캐슬(미아4구역),"재개발,행복(리츠2호)",오현로 56미아동 꿈의숲 롯데캐슬,615,105,2017-02-27
송파구,송파파크데일 3,행복(공사 건설형),성내천로47길 22 마천동 송파파크데일3단지,148,148,2017-01-09
노원구,녹천역 두산위브(월계4구역),재개발,마들로5길25월계동 녹천두산위브,326,56,2017-02-28
성북구,연극인맞춤형주택(삼선동2가 77),기타임대,삼선동2가 77,11,11,2017-03-10
영등포구,신길7구역,재개발,신풍로 77신길동 래미안에스티움,1722,189,2017-04-12
종로구,경희궁자이(돈의문1구역),"재개발,행복(리츠2호)",송월길 130행촌동 경희궁자이 1단지,496,496,2017-06-30
은평구,은평구 신사동 237-231 산새마을 두레주택(현물출자),기타임대,가좌로11나길 23신사동 은평구 산새마을 두레주택,5,5,2017-07-17
성동구,왕십리자이아파트(하왕1-5구역),"재개발,행복(리츠2호)",난계로 100하왕십리동 왕십리자이,713,126,2017-07-28
동대문구,휘경동 두레주택 조성사업,기타임대,망우로18다길 31-5휘경동,6,6,2017-07-24
영등포구,대림아크로타워스퀘어(영등포1-4구역),"재개발,행복(리츠2호)",국회대로 54길10영등포동7가 아크로타워 스퀘어,1221,200,2017-08-30
구로구,천왕연지마을 1,행복(공사 건설형),오류로 36-13오류동 천왕연지마을1단지,181,181,2017-06-23
구로구,천왕연지마을 2,행복(공사 건설형),오리로 1102-13천왕동 천왕연지마을2단지,138,138,2017-06-23
중랑구,신내3-3 도시형생활주택,행복(공사 건설형),신내역로1길 142신내동 우디안3단지,50,50,2017-09-04
송파구,위례포레샤인23단지,"국민,장기",위례순환로 477장지동 위례포레샤인23단지,2200,2200,2017-08-08
성북구,장위2구역,"재개발,행복(리츠2호)",돌곶이로 220장위동 꿈의숲코오롱하늘채아파트,513,92,2017-10-30
광진구,래미안프리미어팰리스(자양4재정비촉진구역),"재건축,재개발",아차산로 345자양동 래미안프리미어팰리스아파트,264,49,2017-10-31
중구,서울역 센트럴자이(만리2구역),"재개발,행복(리츠2호)",만리재로 175,1341,228,2017-08-07
송파구,송파레미니스1단지,"국민,장기",성내천로 6오금동616 송파레미니스,575,409,2017-11-02
중랑구,e편한세상화랑대,재건축,숙선옹주로 45묵동 e-편한세상화랑대,719,80,2017-05-25
서초구,서초푸르지오써밋,재건축,서운로 201서초동 서초푸르지오써밋 ,907,63,2017-06-22
은평구,힐스테이트백련산4차,재건축,백련산로 37응암동 힐스테이트백련산4차아파트 ,963,30,2017-08-16
영등포구,문래동모아미래도,재건축,선유로9나길 5문래동5가 문래동모아미래도아파트 ,222,23,2017-11-21
강동구,고덕숲아이파크,재건축,고덕로80길 134상일동 고덕숲아이파크 ,687,27,2017-11-29
강서구,가양동 1457-1 모듈러 행복주택,행복(공사 건설형),강서로 515,30,30,2017-11-10
서대문구,북한산 더샵(홍은12구역),재개발,통일로510홍은동 북한산 더샵,552,94,2017-12-15
성동구,힐스테이트서울숲리버(금호제20구역),"재개발,행복(리츠2호)",금호로40금호동4가,606,104,2018-02-19
성동구,금호파크힐스이편한세상아파트(금호제15),"재개발,행복(리츠2호)",금호로 110금호동1가 e편한세상금호파크힐스,1330,137,2018-02-28
송파구,송파레미니스2단지,국민,동남로 341오금동617 송파레미니스 2단지,818,580,2018-04-08
성동구,서울숲리버뷰자이(행당제6구역),"재개발,행복(리츠2호)",고산자로2길 65행당동,1034,176,2018-06-30
동대문구,동대문롯데캐슬노블레스(전농11구역),재개발,답십리로 23길 30전농동,584,100,2018-06-28
동대문구,래미안미드카운티(답십리18구역),재개발,답십리로 141,1009,172,2018-06-01
서초구,반포래미안아이파크(서초한양),행복(재건축),서초중앙로 220반포동32-5 반포래미안아이파크,829,116,2018-07-15
동작구,래미안 로이파크(사당1구역),행복(재건축),사당로 23길 112사당동16 래미안로이파크,668,58,2018-10-30
서초구,래미안서초에스티지S(서초우성2차),행복(재건축),서운로 104서초동 래미안서초에스티지S,593,91,2018-01-24
강남구,삼성동 센트럴 IPARK(상아3차),행복(재건축),삼성로 629삼성동22 센트럴아이파크,416,57,2018-03-30
송파구,거여 리본타운,행복(공사 건설형),오금로53길 14거여동 12-12 거여리본타운,128,128,2017-12-22
동대문구,힐스테이트 청계(대농신안),행복(재건축),동대문구 천호대로55길 11답십리동465 힐스테이트청계,764,114,2018-06-29
중랑구,신내3-4 도시형생활주택,행복(공사 건설형),중랑구 신내역로 160신내동 신내3,289,289,2018-07-23
구로구,천왕지구 8단지,행복(공사 건설형),구로구 금오로882천왕동 산19-1,298,298,2018-03-09
구로구,고척동 156,"장기,행복(공사 건설형)",구로구 고척로52나길25고척동156 고척리본타운,39,39,2018-03-15
마포구,마포자이3차아파트(염리2구역),"재개발,행복(리츠2호)",마포구 숭문길 98염리동 45,927,160,2018-09-28
은평구,힐스테이트녹번(녹번제1-1구역),"재개발,행복(리츠2호)",은평구 통일로610녹번동21-269,952,182,2018-10-10
서초구,반포센트럴푸르지오써밋(삼호가든4차),행복(재건축),서초구 고무래로 89반포동 30-20 반포센트럴푸르지오써밋,764,130,2017-09-21
구로구,항동보금자리주택지구8단지(임대),국민,구로구 서해안로2036항동218 항동하버라인,384,384,2018-10-30
동작구,아크로리버하임(흑석7구역),"재개발,행복(리츠2호)",동작구 현충로 52흑석동 아크로리버하임,1073,162,2018-11-26
동작구,에듀포레아파트(흑석8구역),"재개발,행복(리츠2호)",동작구 서달로 123흑석동 232-55,545,94,2018-11-23
광진구,강변SK뷰,재건축,광진구 아차산로 431구의동 667,197,20,2017-07-14
은평구,래미안베라힐즈아파트(녹번1-2구역),"재개발,행복(리츠2호)",은평구 통일로 630녹번동 21-134,1305,258,2018-12-30
서대문구,홍제센트럴아이파크아파트(홍제2구역),"재개발,행복(리츠2호)",서대문구 통일로 395홍제동 156,906,182,2018-12-30
성북구,연극인맞춤형주택(성북동 186-12),기타임대,성북구 성북로9길 28성북동 186-12,12,12,2018-05-11
종로구,종로구 충신동 연극인 두레주택 6호점,기타임대,종로구 충신4길 28-3 충신동 1-198,4,4,2018-06-15
종로구,종로구 충신동 연극인 두레주택 4호점,기타임대,종로구 충신4길 31-24 충신동 1-136,4,4,2018-06-15
동대문구,답십리파크자이아파트(답십리14구역),"재개발,행복(리츠2호)",동대문구 답십리로56길 105답십리동 25,802,140,2019-01-23
은평구,은뜨락(서울리츠1호),행복(리츠1호),은평구 통일로 972진관동 235-28,350,350,2019-03-15
성북구,래미안센터피스아파트(길음2구역),"재개발,재건축,행복(리츠2호)",성북구 숭인로 50길음동 498-1,2352,633,2019-02-25
영등포구,신길센트럴아이파크(신길14구역),"재개발,행복(리츠2호)",영등포구 가마산로426신길동 347-50,612,111,2019-02-27
성북구,래미안아트리치아파트(석관2구역),"재개발,행복(리츠2호)",성북구 돌곶이로 8길 22석관동 46-50,1091,187,2019-02-27
구로구,항동보금자리지구3단지(임대),국민,구로구 항동로 43항동 171-4,1170,438,2019-02-25
구로구,항동 하버라인 9단지,행복(공사 건설형),구로구 항동로68항동 136-1,298,298,2019-02-22
구로구,항동 하버라인 10단지(임대),행복(공사 건설형),구로구 항동로 60항동 135-57,297,297,2019-02-22
구로구,항동 하버라인 11단지,행복(공사 건설형),구로구 연동로 191-5항동 184,276,276,2019-02-22
양천구,이든채(서울리츠1호),행복(리츠1호),양천구 신정로7길 75신정동 1320-8,499,499,2019-02-28
송파구,송파헬리오시티(가락시영),행복(재건축),송파구 송파대로 345가락동 479,9510,1401,2018-12-28
은평구,응암역효성해링턴플레이스(신사19),행복(재건축),은평구 가좌로 334신사동 372,380,22,2018-07-31
서초구,신반포자이(반포한양),행복(재건축),서초구 평창길 75잠원동 66,607,71,2018-07-31
강남구,래미안개포루체하임(일원동현대),행복(재건축),개포로 110길 50일원동 689-1,850,50,2018-11-30
강남구,래미안블레스티지(개포주공2단지),행복(재건축),강남구 선릉로 8개포동 140,1957,112,2019-02-28
종로구,종로구 충신동 연극인 두레주택 2호점,기타임대,종로구 충신4길 18충신동 1-232,6,6,2018-06-15
용산구,용산롯데캐슬센터포레(효창5구역),"재개발,행복(리츠2호)",용산구 백범로 313효창동 13-2,478,82,2019-04-24
종로구,종로구 충신동 연극인 두레주택 1호점,기타임대,종로구 충신길 80-4충신동 1-66,5,5,2018-06-15
종로구,종로구 충신동 연극인 두레주택 5호점,기타임대,종로구 충신4길 31-22충신동 1-139,4,4,2018-06-15
동대문구,휘경 SK VIEW아파트(휘경2구역)_재개발,"재개발,재건축,행복(재건축,리츠2호)",동대문구 휘경로 60휘경동 128-12,900,174,2019-05-30
성북구,포레카운티아파트(장위1구역),"재개발,행복(리츠2호)",성북구 장월로 160장위동 144-24,939,162,2019-06-19
관악구,e편한세상 서울대입구(봉천12-2)_재개발,"재개발,행복(재건축,리츠2호)",관악구 청룡10길 45봉천동 1555-1,1489,294,2019-06-25
구로구,항동보금자리지구4단지(임대),국민,구로구 항동로 72항동 84일원,297,107,2019-05-31
종로구,종로구 충신동 연극인 두레주택 3호점,기타임대,종로구 충신4길 17-15충신동 1-239,3,3,2018-06-15
은평구,이룸채(서울리츠1호),행복(리츠1호),은평구 통일로1045진광동 48,630,630,2019-06-27
구로구,항동보금자리지구2단지(임대),국민,구로구 연동로234항동 118-20,646,252,2019-07-15
은평구,백련산SK VIEW IPARK아파트(응암10구역),"재개발,행복(리츠2호)",은평구 응암로30길 16응암동 417-5,1305,226,2019-08-29
강북구,꿈의숲 효성해링턴플레이스(미아9-1),행복(재건축),강북구 오현로 45미아동 3-770,1028,88,2019-09-30
성북구,퍼스트하이아파트(장위5구역),"재개발,행복(리츠2호)",성북구 한천로 713장위동 173-124,1562,276,2019-09-27
서초구,방배아트자이(방배3),행복(재건축),서초구 명달로 9길 57방배동 992,353,41,2018-10-29
서초구,"래미안 신반포 리오센트(신반포18,24차)",행복(재건축),서초구 잠원로 14길 32잠원동 52,475,71,2019-06-21
강남구,디에이치 아너힐즈(개포주공3),행복(재건축),강남구 삼성로 11개포동 138 외,1320,85,2019-08-29
강동구,래미안 명일역 솔베뉴(삼익그린),행복(재건축),강동구 양재대로 1650명일동 309-1,1900,156,2019-06-26
강동구,고덕 그라시움(고덕2),행복(재건축),강동구 동남로82길 98고덕동 220,4932,140,2019-10-31
강서구,e편한세상 염창(염창1),행복(재건축),강서구 공항대로 583염창동 277-24,499,56,2019-03-08
동작구,e편한세상 상도 노빌리티(상도대림),행복(재건축),동작구 만양로 6상도동 903,893,5,2018-12-03
은평구,백련산파크 자이(응암3),행복(재건축),은평구 백련산로67응암동626-53,678,4,2019-02-25
서대문구,연희파크 푸르지오(연희1),행복(재건축),서대문구 홍제천로136연희동 747,396,35,2018-12-31
서대문구,DMC 센트럴 아이파크(남가좌1),행복(재건축),서대문구 증가로 150남가좌동 388,1061,47,2018-12-31
중랑구,신내 글로리움,행복(공사 건설형),중랑구 신내로 208신내동 640,229,229,2019-07-09
성북구,롯데캐슬 골든힐스(길음3),행복(재건축),성북구 서경로 60정릉동 192,399,40,2019-01-31
마포구,마포 웨스트리버 태영데시앙(마포창전1),행복(재건축),마포구 서강로3길 32창전동 27-19,276,9,2019-02-28
마포구,신촌숲 아이파크(신수1),행복(재건축),마포구 광성로 17신수동 93-102,1015,98,2019-08-29
서대문구,북한산 두산위브(홍은14구역),"재개발,행복(리츠2호)",서대문구 홍은중앙로3길 9홍은동19-19,497,75,2019-11-29
동대문구,한양수자인 사가정파크(면목1),행복(재건축),중랑구 사가정로72길 26면목동 520-19,497,36,2019-11-30
노원구,상계역센트럴푸르지오(상계4)_재개발,"재개발,행복(재건축,리츠2호)",노원구 수락산로 12상계동 85-33,810,152,2019-12-30
서대문구,DMC에코자이(가재울6구역),"재개발,행복(리츠2호)",서대문구 거북골로84남가좌동 224-1,1047,178,2019-12-27
영등포구,보라매 SK VIEW(신길5구역),"재개발,행복(리츠2호)",여의대방로35가길 19신길동 1583-1,1546,286,2020-01-29
서대문구,래미안루센티아(가재울5),"재개발,행복(리츠2호)",거북골로 100남가좌동175,997,170,2020-02-21
동작구,학수복합(서울리츠2호),행복(리츠2호),사당로27길 215사당3동 177-1,7,7,2020-01-28
강동구,푸르내(서울리츠1호),행복(리츠1호),상일로12길 95강일동 730-2,119,119,2020-01-31
강동구,힐스테이트 강동 리버뷰,재건축,올림픽로91길30암사동 675,460,147,2019-11-12
동대문구,휘경해모로 프레스티지(휘경1구역),"재개발,행복(리츠2호)",외대역등로1길 60-3휘경동 243,299,51,2020-02-26
서대문구,어바니엘 위드 더 스타일 충정로,역세권청년,경기대로 26-26충정로3가 72-1,49,49,2020-01-17
마포구,신촌그랑자이(대흥2구역),"재개발,행복(리츠2호)",대흥로29길 41-10대흥동 12,1248,216,2020-02-21
영등포구,신길센트럴자이(신길12구역),"재개발,행복(리츠2호)",영등포구 신길로 29길17신길동 337-246,1008,184,2020-03-08
노원구,인덕아이파크(월계2),행복(재건축),노원구 초안산로 21라길26월계동 633-31,859,69,2019-11-07
강동구,고덕센트럴아이파크(고덕5),행복(재건축),강동구 고덕로80길 99상일동 131,1745,96,2019-12-30
강동구,롯데캐슬베네루체(고덕7),행복(재건축),강동구 상암로79길 88상일동 187,1859,97,2019-12-30
송파구,잠실올림픽공원아이파크(풍납우성),행복(재건축),송파구 올림픽로 43길 34풍납동 388-7,697,95,2019-11-14
동대문구,동대문더퍼스트데시앙(장안동연립단지),행복(재건축),동대문구 장한로27가길 37장안동587,469,23,2019-10-22
성북구,정릉 하늘마루,행복(공사 건설형),성북구 정릉로10가길 6-31정릉동 894-22,166,166,2020-03-26
성동구,U-삼진랜드,역세권청년,성동구 천호대로 416용답동 233-1,22,22,2020-03-02
양천구,목동센트럴아이파크위브(신정1-1구역),"재개발,행복(리츠2호)",양천구 남부순환로83길17184847신월동 565-5,3045,542,2020-03-27
광진구,옥산 그린타워,역세권청년,광진구 구의강변로 53구의동 587-64,18,18,2020-04-06
은평구,백련산해모로(응암11),"재개발,행복(리츠2호)",은평구 응암로 30길15응암동 452-27,760,114,2020-02-21
마포구,서교동 효성해링턴 타워,역세권청년,마포구 양화로 72서교동 395-43,199,199,2020-04-23
관악구,e편한세상 서울대입구2차(봉천12-1구역),"재개발,행복(리츠2호)",관악구 참숯1길 19봉천동 1544-1,519,89,2020-04-29
영등포구,당산센트럴아이파크(상아현대),행복(재건축),영등포구 영신로247당산동5가4-24-13,802,87,2020-04-28
은평구,녹번역이편한세상캐슬(응암2구역),"재개발,행복(리츠2호)",은평구 은평로 220응암동 36,2569,390,2020-05-19
송파구,E편한세상송파파크센트럴(거여2-2구역)_재개발,"재개발,행복(재건축,리츠2호)",송파구 오금로 551송파구 거여동 234번지,1199,227,2020-06-26
은평구,DMC롯데캐슬더퍼스트(수색4구역),"재개발,행복(리츠2호)",은평구 수색로 320-8수색동 36-10,1192,203,2020-06-30
서대문구,힐스테이트신촌(북아현1-1)_재개발,"재개발,행복(재건축,리츠2호)",서대문구 이화여대8길 123,1226,234,2020-08-04
중랑구,사가정센트럴아이파크(면목3),행복(재건축),동일로 92길 40면목동 164-10,1505,163,2020-07-30
영등포구,e편한세상 보라매2차(대림3),행복(재건축),영등포구 신길로29영등포구 대림동 917-49,859,55,2020-07-28
용산구,용산센트럴파크 헤링턴스퀘어(국제4구역),"재개발,행복(리츠2호)",서빙고로 17한강로3가 63-70,1140,194,2020-08-20
마포구,공덕SK리더스뷰(마포로6구역)_재개발,"재개발,재건축,행복(재건축,리츠2호)",백범로31길 8공덕동 257-3,166,144,2020-08-30
영등포구,힐스테이트 클래시안(신길9구역),재개발,영등포구 신길로28길9신길동240-16,1476,266,2020-09-25
송파구,위례포레샤인18단지,장기전세,송파구 위례북로4길 12송파구 거여동 648,685,685,2020-10-28
강동구,고덕강일공공주택지구4단지(임대),"국민,장기",강동구 아리수로93가길 110강일동 114번지,1239,597,2020-08-28
양천구,신정 파크샤인,행복(공사 건설형),목동남로4길 100신정동 163-36,101,101,2020-10-28
강서구,아임2030,역세권청년,공항대로59가길 14등촌동 648-5,19,19,2020-05-01
동작구,"상도동211-435, 467 행복주택(서울리츠2호)",행복(리츠2호),양녕로 210-10 210-4상도동 211-438 467 435,25,25,2020-11-18
송파구,풍납동269-28 행복주택(서울리츠2호),행복(리츠2호),송파구 토성로6길 4풍납동 269-28,8,8,2020-11-03
도봉구,창업지원주택(창동)_서울리츠2호,행복(리츠2호),도봉구 마들로13길 84창동 1-8,48,48,2020-11-03
구로구,숲에리움(오류1동 청신호),행복(공사 건설형),경인로 27길7오류동 31-138,180,180,2020-11-25
서대문구,연희동 136-21 행복주택(빈집정비),행복(공사 건설형),연희로12길 21-7연희동 136-21,4,4,2020-12-29
강남구,개포래미안포레스트(개포시영),행복(재건축),개포로 264개포동 656,2296,120,2020-09-30
서초구,반포센트럴자이(신반포6차),행복(재건축),반포대로 310-6잠원동 74-2,754,53,2020-03-30
서초구,래미안리더스원(서초우성1차),행복(재건축),효령로77길 37서초동 1336,1373,166,2020-09-25
강동구,고덕아르테온(고덕3),행복(재건축),고덕로 360상일동 519,4066,108,2020-02-26
강동구,고덕센트럴푸르지오(서울승합차고지),행복(재건축),고덕로399고덕동 210-1,656,142,2020-08-20
중랑구,면목라온프라이빗(면목5),행복(재건축),동일로91길 23면목동 171-7,453,60,2020-06-30
노원구,포레나노원(상계8),행복(재건축),노원로38길 10상계동 677,1062,141,2020-11-25
은평구,역촌동 44-2 행복주택(다세대),행복(재건축),연서로16역촌동 44-2,10,10,2020-02-20
송파구,위례포레샤인13단지,국민,위례서이로 25거여동 산33-22,560,560,2020-12-23
강동구,고덕강일공공주택지구6단지(임대),"국민,장기",아리수로93가길 77강일동 215,1244,1244,2020-12-03
강동구,고덕강일공공주택지구7단지(임대),"국민,장기",아리수로93가길 70강일동 92-1,1025,1025,2020-12-03
강동구,고덕강일공공주택지구9단지(임대),"국민,장기",고덕로98길 29강일동 산22-36,366,366,2020-12-29
성북구,꿈의 숲 아이파크(장위7구역),"재개발,행복(리츠2호)",성북구 돌곶이로40길 46장위동 189-3,1711,295,2020-12-31
영등포구,신길파크자이(신길8구역),재개발,영등포구 신길로28길 25신길동3163,641,119,2020-12-18
성북구,동소문동7가 2-26 행복주택(빈집정비),행복(공사 건설형),동소문로13나길 96동소문동7가 2-26,8,8,2020-11-20
강북구,미아동 791-1614 행복주택(빈집정비),행복(공사 건설형),솔매로 36미아동 791-1614,5,5,2020-11-17
강북구,미아동 159-29 행복주택(빈집정비),행복(공사 건설형),도봉로78길 21-6미아동 159-29,4,4,2020-12-04
강동구,e편한세상강동에코포레(신동아3차),행복(재건축),천중로253길동 477,366,38,2020-03-06
양천구,래미안 목동아델리체(신정2-1구역),재개발,중앙로43길 14신정동 1175-28,1497,266,2020-12-29
강서구,마곡지구 9단지(임대),"국민,장기",공항대로 103마곡동 744,1529,567,2021-02-15
강동구,고덕강일공공주택지구8단지(임대),"국민,장기",아리수로93나길 88강일동 66,946,420,2020-11-22
강동구,강동 리엔파크 11단지,행복(공사 건설형),고덕로98길 101상일동 36-3,600,600,2020-12-19
강동구,강동 리엔파크 14단지,"국민,행복(공사 건설형)",고덕로98길 160상일동 28,943,532,2020-12-11
강서구,신마곡 벽산블루밍(개화산역세권),"행복(재건축),재건축",양천로10길 38방화동 904,298,125,2020-11-26
동작구,더클래식동작,역세권청년,노량진로8길 55노량진동 37-1,37,37,2020-11-17
강서구,센터스퀘어등촌,역세권청년,공항대로543염창동 274-17,49,49,2020-12-30
은평구,힐스테이트녹번역(응암1구역),"재개발,행복(리츠2호)",은평구 은평로 240응암동 8-1,879,132,2021-04-29
마포구,마포프레스티지자이(염리3),"재개발,행복(리츠2호)",마포구 대흥로24길 24염리동 14-149,1694,295,2021-03-28
강서구,보눔하우스,역세권청년,강서로 145화곡동 401-1,9,9,2021-03-23
마포구,마포공공기숙사,역세권청년,서강로 75-4창전동 19-8 이랜드peer신촌,60,60,2021-01-11
서초구,서초꽃마을1502,역세권청년,반포대로27길 13서초동 1502-12,68,68,2021-03-23
동대문구,휘경제이스카이시티,역세권청년,망우로21나길 6휘경동 192-1,9,9,2021-02-08
용산구,용산베르디움프렌즈,역세권청년,백범로99길 40한강로 2가 2-350,421,421,2021-03-05
마포구,공덕SK리더스뷰(마포로6구역)_1단지,재건축,백범로31길 7공덕동 385-65,306,8,2020-08-30
서초구,방배그랑자이(방배경남),행복(재건축),방배로 21방배동 1028-1,758,33,2021-07-25
서초구,디에이치라클라스(삼호가든3차),행복(재건축),서초중앙로 206반포동 32-8,848,128,2021-06-04
서대문구,북한산 두산위브2차(홍은6),행복(재건축),홍은중앙로1길 100홍은동 13-25,296,30,2020-11-17
은평구,대조동 26-10 행복주택(다세대),행복(재건축),진흥로 153-6대조동 26-10,16,2,2020-08-14
서초구,서초그랑자이(서초무지개),행복(재건축),효령로 391서초동 1335,1446,139,2021-06-29
강동구,고덕자이(고덕6),행복(재건축),상일로 55상일동 521,1824,75,2021-01-07
은평구,역촌동 85-9 행복주택(다세대),행복(재건축),은평로3길 18-2역촌동 85-9,15,2,2020-11-19
은평구,신사동 29-160 행복주택(다세대),행복(재건축),은평로 12-1신사동 29-160,32,5,2020-10-20
강남구,세곡2보금자리 도시형생활주택(임대),국민,밤고개로21길 56 율현리엔파크율현동 524,87,87,2021-09-24
강남구,디에이치자이 개포,행복(재건축),영동대로 22일원동 743,1996,306,2021-07-30
성북구,보문동 7가 139-1 행복주택(다세대),행복(재건축),보문로29보문동7가 139-1,29,2,2021-04-02
강북구,초행지붕-미아-3,행복(공사 건설형),인수봉로6가길 12삼양동 791-1960 외,11,11,2021-09-24
동대문구,e편한세상 청계센트럴포레(용두5)_재개발,"재개발,행복(재건축,리츠2호)",무학로 91용두동 253-1,823,169,2021-11-25
은평구,DMC SK VIEW(수색9),재개발,수색로 216수색동 30-2,709,91,2021-10-29
동작구,보라매자이(동작트인시아),행복(재건축),여의대방로22길 121신대방동 724,933,232,2021-10-29
노원구,태릉해링턴플레이스(태릉현대),행복(재건축),공릉로34길 86공릉동 230,1308,45,2021-11-19
관악구,YK서울대(봉천동 912-16),행복(재건축),남부순환로 1755봉천동 912-16,79,9,2020-12-28
관악구,더헤르미온(봉천동 1666-51),행복(재건축),남부순환로 1845봉천동 1666-51,153,19,2021-03-31
강남구,디에이치포레센트(일원대우),행복(재건축),개포로 110길 38일원동 742,184,11,2021-01-22
강남구,르엘대치(대치제2지구),행복(재건축),도곡로93길 23대치동 977,273,22,2021-09-17
영등포구,신길역봉주르오피스텔(영등포동1가 31-3),행복(재건축),경인로112길 17영등포동1가 31-3,89,12,2021-05-17
중랑구,블리스다임빌(상봉동 104-33),행복(재건축),면목로92가길 15-11상봉동 104-33,12,5,2021-07-20
양천구,솔리스타(목동 793-6),행복(재건축),등촌로 20목동 793-6,74,9,2021-06-03
동대문구,써밋카운티(답십리동 243-6),행복(재건축),전농로 95답십리동 243-6,22,3,2021-08-02
마포구,아현시티(아현동 327-10),행복(재건축),신촌로34길 11아현동 327-10,16,4,2020-12-21
광진구,엘리시아1차(화양동 94-13),행복(재건축),광나루로 20길 36-3화양동 94-13,47,10,2021-07-13
강남구,래미안라클래시(상아2차),행복(재건축),삼성로 651삼성동 189,679,81,2021-09-17
서대문구,홍제역 해링턴 플레이스(홍제3구역),"재개발,행복(리츠2호)",세무서8길 30홍제동 270-1,1116,168,2021-12-30
송파구,송파시그니처롯데캐슬(거여2-1),"재개발,행복(재건축)",거마로56거여동 202-180,1902,325,2021-12-31
성북구,롯데캐슬클라시아(길음1),재개발,숭인로8길 80길음동 508-16,2029,351,2022-01-30
광진구,위너스힐(화양동 111-89),행복(재건축),광나루로 20길 34화양동 111-89,63,11,2021-12-16
마포구,홍대크리원,역세권청년,토정로 131상수동 355-2,27,27,2021-04-20
강서구,우장산역해링턴타워,역세권청년,강서로 231화곡동 1170,87,87,2021-09-03
강동구,천호역한강리슈빌,역세권청년,천호대로 989천호동 458-3,50,50,2021-08-20
중랑구,제이스타상봉,역세권청년,봉우재로 111상봉동 109-34,6,6,2021-06-07
